"","PC1","PC2","PC3","PC4","PC5","PC6","PC7","PC8","PC9","PC10","PC11","PC12","PC13","PC14","PC15","PC16","PC17","PC18","PC19","PC20","PC21","PC22","PC23","PC24","PC25","PC26","PC27","PC28","PC29","PC30","PC31","PC32","PC33","PC34","PC35","PC36","PC37","PC38","PC39","PC40","PC41","PC42","PC43","PC44","PC45","PC46","PC47","PC48","PC49","PC50","PC51"
"DR1TNUMF",-1.13023718318603e-07,0,9.43905384023238e-07,0,-1.10247135734617e-06,6.43956537988777e-07,-1.94063254009174e-07,0,0,-5.19615304922768e-07,-1.68386790754921e-07,0,0,9.03047913721235e-07,1.17714651640154e-06,1.86617353093467e-08,0,-9.40631169014413e-07,-4.47182614376436e-07,-3.24727533476648e-07,0,0,-2.37520518884289e-08,4.57984627292427e-07,1.4661221167552e-07,0,0,0,4.62832169166801e-07,0,0,0,-8.38900512792235e-10,7.64475955714664e-08,-1.00793044672762e-08,0,1.16001364127272e-08,7.9897807259112e-08,6.3406268356475e-07,0,-2.26919093830666e-07,-4.85291728936516e-07,-2.66774784678987e-08,0,0,0,0,0,4.54609032263766e-07,1.88074291190339e-07,-1.74647528961626e-07
"DR1TKCAL",-1.12415874097698e-09,-5.12443178970395e-07,0,-1.27602498016731e-07,2.51711874210894e-07,0,-2.08497563817489e-07,0,0,-2.71713807764914e-08,0,0,0,0,2.25153674391049e-07,5.98726384382639e-09,1.87133950056356e-08,0,-1.09258759066652e-07,0,0.00118134898002956,0,1.02246285747704e-07,3.77747937173999e-08,0,0,0,0,0,0,0,0,0,-9.12331693743955e-08,2.29235245796775e-07,0,0,0,0,0,4.76085756233037e-08,0,-1.01769065658389e-07,0,0,-2.66593633397285e-07,0,-1.49690718450476e-06,0,-4.0379117843615e-09,0
"DR1TPROT",0,-2.53636851392465e-07,1.139944775349e-07,-4.18130334453538e-09,3.75656796598656e-07,0,-1.77393987044453e-07,-8.6637538823662e-08,-2.76040552741169e-07,-3.2140118669833e-07,0,0,0,2.63267207227963e-08,1.94922361214598e-07,-1.95696061366646e-08,1.95223168967999e-07,0,0,-2.338248793555e-07,0.000911056229644214,-4.41222438610358e-08,6.59779638931483e-08,0,0,0,0,5.37497707864593e-08,2.44321091197858e-08,2.23576175085422e-07,3.45347525168721e-10,0,-3.50462266488399e-08,0,0,1.25374447049713e-07,-4.00292270375843e-08,-1.21312673388977e-07,0,0,0,0,0,1.64134525993718e-07,2.11857902890984e-08,0,0,-1.39528498031935e-06,0,-7.13002075075827e-08,0
"DR1TCARB",0,-1.00430302487447e-07,0,-2.06624918817238e-07,0,0,0,0,0,-6.09464041224736e-08,0,0,7.95307352174095e-10,0,0,1.56470499359084e-07,0,0,-5.7012628510693e-08,0,0.0102286977310949,2.04751272946094e-07,2.10976977421642e-07,2.92447682070458e-09,0,0,0,0,0,0,3.79146202757546e-08,5.41268214594535e-08,-1.04666894037517e-07,-1.21599460564455e-08,9.3854625077293e-08,0,-7.81213992593888e-08,0,0,0,1.14541422021033e-07,0,0,0,-2.58889109622929e-07,-1.37303983772824e-07,2.64221120877485e-08,-9.99827907895744e-07,2.99028408796213e-08,0,0
"DR1TSUGR",0,0,0,-6.86934569587983e-09,0,0,0,0,0,0,0,1.83969797795203e-07,0,0,0,3.33920582177769e-07,-1.5798703286242e-09,0,0,0,0.0116100414432582,2.84530434943039e-07,2.85800918655713e-07,6.87205435409319e-08,3.05066866106022e-07,-8.44440944460306e-09,-1.89103538539567e-07,0,-5.16809835747214e-08,0,0,0,-1.07544733114133e-07,0,2.91384356265068e-07,-1.18354921458935e-07,0,0,4.2547371337478e-07,0,6.82884383201484e-08,0,0,0,-2.79688575775628e-07,-1.63515338617199e-07,5.96892818923939e-08,0,0,0,-2.05601736372513e-07
"DR1TFIBE",-2.65461999862999e-07,0,1.2356820761437e-06,-1.67723391351388e-07,-1.87702605182595e-07,0,-6.53380138286761e-08,0,-6.56859247676086e-07,-8.58479134797453e-07,0,-2.10961838975923e-07,1.16144012142412e-07,0,1.94458551724848e-07,0,0,-4.50880556439169e-07,-9.51120740115602e-08,-6.59368507276103e-07,0.00367912887862226,0,0,0,-1.10466891990999e-07,0,9.02951739054536e-09,-1.3505601381612e-07,0,2.49893624134329e-07,1.0219329340396e-07,7.44589045532443e-08,-1.71053660768444e-07,1.29883405065384e-10,-2.11364287805127e-07,0,-1.74623598050728e-07,0,0,3.14156781084976e-08,-6.64252564761872e-09,-8.83468976301073e-08,0,9.14786930591687e-08,-1.63659693606208e-08,0,2.2287010519498e-08,-2.89703437041111e-08,3.85509371575795e-07,1.06847890958721e-07,0
"DR1TTFAT",0,-3.46184854948777e-07,0,-3.64943228098104e-08,3.17514898211231e-07,1.36409512849161e-07,-3.14598480188812e-07,-2.50309229765579e-07,0,0,0,1.92197091788912e-07,0,0,2.41114007934838e-07,0,2.24212116472686e-08,0,-9.84048202463525e-09,0,-0.00265965477241857,0,0,0,9.35342469066372e-08,-3.2422473004514e-08,-2.79927579676407e-07,0,-1.44140379293592e-08,1.11917588797665e-07,-7.06389391709218e-08,-5.40538326289241e-08,7.96812268667597e-08,-1.35022599114053e-07,1.25999393642858e-07,0,0,0,2.87621966017192e-07,1.46448681803569e-07,0,3.79334683646345e-08,-1.91578145685793e-07,0,0,-7.31393157075723e-08,0,-8.98315800361769e-07,0,-8.71214339440937e-08,-1.35859288512186e-07
"DR1TSFAT",0,-1.70568288416969e-07,0,0,2.83441495847537e-07,3.49449534466946e-07,-8.71544776646562e-08,-1.49422900215182e-07,0,0,0,4.76976017294935e-07,-6.5162446543468e-08,0,7.31347877007118e-08,1.44017563776142e-07,0,0,0,0,0,0,1.23168530172882e-08,0,5.91305058812914e-08,-1.11822892419601e-07,-5.22879322186855e-07,0,-3.05368242737517e-07,7.54621412578252e-08,-5.51377126904898e-08,-2.40510079125091e-07,0,-6.54527083994353e-08,1.60585204643446e-07,0,6.13494444037246e-09,0,1.0971703448467e-07,3.08643387950495e-07,0,2.90532939034452e-07,-3.4472565215522e-07,0,0,-8.59431478899043e-08,0,-7.55355722330055e-07,0,-1.46155318966929e-07,-5.68088319283738e-08
"DR1TMFAT",-6.73696724902363e-08,-2.2930155648464e-07,0,-9.88151549543315e-08,3.28719632136474e-07,0,-3.63500816543059e-07,-2.19968023869497e-07,0,0,0,7.28117634441104e-08,0,0,1.87074165562324e-07,1.11698717583897e-07,4.72595116856742e-08,0,0,0,-0.00180857995798373,0,0,0,2.93343466277465e-08,0,-1.58546954850279e-07,0,0,7.2307260066713e-08,-1.13437543785291e-07,0,1.40351677254452e-07,-1.27327628997781e-07,1.4818701135524e-07,0,0,0,3.32433148622625e-07,1.06841777260641e-07,0,0,-1.66016137119733e-07,0,0,0,0,-9.74037423191591e-07,0,-9.19683506251522e-08,-1.69011433022201e-07
"DR1TPFAT",-3.46528937519003e-08,-4.63363673087845e-07,0,-7.15870915445389e-08,2.67301377901663e-07,0,-2.51479046939546e-07,-1.8728086135194e-07,0,0,0,0,0,0,1.875476106237e-07,0,1.42460757993511e-07,0,-1.18807053516603e-07,0,-0.00600547778876561,-5.40416326731126e-09,0,1.24922447104995e-07,1.02265431072893e-07,0,-5.82351161233723e-09,0,0,1.35155899760712e-07,-1.17419172587133e-07,0,1.09074223814791e-07,-1.73551196018917e-07,0,8.58566582509174e-08,0,-8.28963844739624e-08,2.96479649819226e-07,0,5.66112021468785e-08,0,0,0,1.11415593448295e-08,-9.03219651568476e-08,0,-3.66014655668415e-07,0,0,-1.68458544234954e-07
"DR1TCHOL",0,-1.24155969982928e-07,0,0,4.71218241680916e-07,0,-3.08000892934542e-07,-1.70414476966722e-07,0,0,6.02452833803073e-09,2.30629686249155e-08,0,0,0,2.47185931202178e-09,0,1.08654897845368e-07,0,0,9.783397159903e-06,-2.1403903267227e-07,0,6.27362433170243e-08,0,1.09374892894711e-07,-3.08925301025619e-08,1.55865206204657e-07,0,3.16517554621663e-07,0,-2.73597880874328e-07,0,-2.82360222060079e-08,0,3.34565139992828e-07,-4.39363304725643e-08,0,0,1.01197741435604e-07,0,0,0,0,2.28958997477806e-07,0,0,-7.24463904775343e-07,0,-4.89308899982585e-08,-1.00391029057269e-07
"DR1TATOC",-1.92206713233077e-07,-8.29675584597382e-08,1.57281254344677e-07,-1.14322973902251e-07,0,1.62912803368297e-07,-2.49296048174528e-07,0,-1.39489118198949e-07,-3.39368461600252e-07,0,0,0,1.37065859102371e-07,5.51230980828726e-07,4.63636773560399e-08,0,-2.724120525609e-07,-2.03924362532692e-07,0,-0.00169991971379305,0,0,1.4767479278769e-07,4.41268294666305e-08,-1.17474957909175e-07,0,-9.36256224681062e-08,0,0,-5.5630084601013e-08,1.04545065075899e-07,0,-1.75406657245647e-07,-2.60236886833358e-08,-3.65926921146475e-08,1.93803658568964e-07,-1.3948792868476e-07,3.37713526129787e-07,0,0,0,0,2.49603989034878e-07,0,-1.66136380152173e-08,9.03440673515918e-09,-1.53093953061767e-07,0,-1.74332143900477e-07,0
"DR1TATOA",-4.17072270813503e-08,0,0,0,-1.57772959192185e-07,1.55170079009331e-09,0,0,0,0,-6.54996021357158e-08,0,-5.87891953471869e-08,0,0,0,0,0,0,0,-0.000563753390184985,0,0,0,9.06688738835905e-08,0,0,0,0,0,-2.12574126735556e-07,1.40154408587137e-08,3.21444504472646e-09,-2.54572196494257e-08,-2.99384033449966e-08,-8.074986497761e-08,4.5487546414234e-07,0,0,5.01559606523315e-08,0,0,0,1.04553764420811e-07,0,-5.24082877445979e-08,2.74650271250154e-07,0,0,-2.88265906087818e-07,0
"DR1TRET",-2.40475341122412e-07,0,8.08503449868011e-09,0,-2.48905944219017e-07,9.05380106208197e-07,0,-8.4125211472085e-09,3.38026298649698e-07,0,1.28313902299289e-07,3.83876485179376e-07,0,2.0803716989383e-07,0,1.32859956438853e-07,-9.70024782202947e-08,0,-2.7276734223771e-07,-5.94527275649002e-08,0,0,0,7.74070392931503e-08,1.04760587310966e-07,4.6009886983235e-08,-5.26006134281707e-07,2.53374646044343e-07,0,2.11790771464247e-07,-1.81831590129131e-07,-2.23179660400356e-07,1.46452879164798e-07,0,-2.55074453699282e-07,0,-9.57814079983735e-08,9.40313532488871e-08,0,8.18758239586315e-08,-2.56985698305083e-07,0,1.70935849013117e-07,0,-1.95412070346067e-08,-1.18865294670089e-07,2.45851825651546e-08,0,6.01112893055325e-08,0,-1.85964943998737e-07
"DR1TVARA",-2.16831226437081e-07,0,0,0,-3.52411380571384e-07,9.34788748928996e-08,0,0,0,-9.32554249131413e-08,1.08083003943083e-07,0,8.03883774910764e-08,5.95314010332964e-08,0,0,-2.40761014236485e-08,-1.80793922134142e-07,-3.43864913820203e-07,-2.72499228850515e-07,0.00085134017103107,0,8.99343714849038e-08,6.8339548936476e-08,3.14032559851386e-08,0,0,3.55291322382799e-09,0,2.37720062621274e-07,0,0,0,0,0,5.31247695661975e-08,-7.39957403493413e-08,2.95520278696587e-08,7.13459219281857e-09,0,-3.21311977141751e-07,-2.64379530018538e-08,4.22817007008395e-07,0,0,-1.43130811047228e-07,0,0,4.54949952258963e-07,0,-5.85285743550421e-08
"DR1TACAR",0,0,5.30232479409926e-07,8.66891999466431e-08,-1.80472197658288e-07,0,0,0,-1.98805579678641e-07,-4.56718399103738e-07,-2.49857325785494e-07,-3.30875826037632e-07,4.64400646275951e-08,1.60658206121711e-07,0,0,9.32292073829476e-08,-3.3657687500553e-07,0,-3.18902323946558e-07,0,0,7.60463259232649e-08,0,0,0,3.31601119036965e-07,-1.21591925285475e-07,1.23272685502831e-07,0,0,3.69853439992781e-08,0,0,9.11388149179885e-08,0,0,0,0,0,0,0,5.50469459293708e-08,6.55301472622552e-08,0,0,-1.62957522895618e-07,0,4.91825586716038e-07,1.3038224858102e-07,-1.12252801919374e-07
"DR1TBCAR",0,0,0,0,0,0,-3.0397806238708e-08,0,-2.64468104606617e-07,-5.93978251772637e-07,0,-2.87670865855178e-07,4.08214215042421e-07,3.23761453835167e-07,0,0,0,-4.9930283474588e-07,-1.62989366967931e-07,-2.41889771344512e-07,0,-9.43333502412987e-08,0,0,0,-1.19960330812438e-08,3.4223856790117e-07,-2.0000052665375e-07,4.21985782414194e-07,0,2.04292707728365e-08,0,-5.58668151722538e-08,4.10040228669997e-08,5.11400245798931e-08,2.80616143992215e-07,0,0,1.91245364680372e-07,0,-1.76580492499318e-07,-3.04303871761801e-07,1.41941803180588e-07,1.39791544489211e-07,0,0,-5.93484031072762e-08,0,6.39873985243226e-07,0,0
"DR1TCRYP",-3.45663330746953e-07,0,3.10745655338039e-07,0,-3.33356116037974e-07,0,0,0,-6.78453904993432e-08,-4.48648654752915e-08,1.59688195732084e-07,-7.73793169090416e-08,0,2.07576801307191e-07,0,1.46219296753641e-07,-2.5652842906041e-07,-3.4253795467519e-07,0,-5.70437427705569e-08,-0.000130465093163108,0,4.84315258954185e-09,2.27785234942253e-07,0,0,7.44232826741019e-08,-3.09396525362361e-08,7.93084388855338e-08,0,0,0,-7.33158094621843e-08,0,0,0,-4.49302994077182e-09,-1.71713987684724e-08,0,0,-1.49389270783301e-07,-2.26452122127591e-08,2.32836740680969e-08,0,1.96662257558566e-08,0,0,0,0,1.75079534880465e-07,2.94470501402847e-08
"DR1TLYCO",-5.76929621969755e-10,0,7.39930329300563e-07,0,0,0,-1.04990324380574e-07,0,0,0,0,0,3.15846686737987e-09,0,2.90550375640398e-07,0,0,-2.72132786015723e-08,0,-1.46369933476632e-07,0,0,0,0,1.34877179540362e-07,-2.54936970968888e-07,0,-3.38882182115875e-07,0,0,-1.06375535373002e-07,-8.97084663413772e-08,1.39442512468401e-07,0,0,-8.89073476357092e-08,-3.86949944590226e-08,0,-8.11087842931897e-08,0,-9.80331316428993e-08,0,-3.37050255335213e-08,1.4660800163986e-07,0,0,-1.20471102913325e-07,0,0,0,0
"DR1TLZ",0,0,0,0,0,0,0,0,-2.43301106525465e-07,-3.81319393120626e-07,0,-1.72978621333665e-07,9.91678922341558e-09,2.42134463744593e-07,1.68676606310097e-07,0,0,-4.17920442628083e-07,-2.26303205717059e-07,-2.67076934173318e-07,0,-9.87688437797902e-08,0,9.1425874926424e-08,0,0,1.81859744976495e-08,-9.77644314620006e-08,2.94699515121168e-07,0,0,0,0,0,0,3.04665249487345e-07,0,-3.30728955777112e-08,5.9006515542625e-07,0,-9.84172985438316e-08,-2.37397940550492e-07,7.93984244056607e-08,0,6.38100195439633e-09,0,0,0,3.7839441687979e-07,0,0
"DR1TVB1",-1.45245617292199e-07,-1.07085108451794e-07,0,-2.87766083027262e-08,0,3.40964812888928e-07,0,0,-1.14068394095467e-07,-2.98309858551692e-07,-6.9610717842661e-08,0,1.70081612097134e-08,0,0,1.84126436078922e-08,7.71211776764225e-08,0,0,0,0.00112421284694762,0,1.52386887525821e-07,6.03088079828771e-09,9.73815819514613e-08,5.08140437007795e-08,0,8.22092951080529e-08,0,4.26925991276715e-08,0,0,0,0,0,0,-7.0361527366991e-09,5.00182855633136e-09,0,6.7133555237689e-08,-1.79496235945377e-07,0,0,4.78622195122771e-08,0,0,0,-1.01747386432046e-06,0,0,-1.70653340933258e-07
"DR1TVB2",-8.14464576960734e-08,-1.85464289949744e-07,2.2325982755234e-07,-1.73754408585938e-08,0,1.26259793212244e-06,0,-4.97122312958747e-08,5.91809069928019e-08,-1.76339069413447e-08,9.8076128919211e-08,1.05602455426396e-07,0,6.44792277406798e-07,1.8076389534664e-07,0,0,0,0,-2.11400347926072e-07,0.0015556586416406,0,2.54660209612358e-07,1.23247558652352e-07,0,5.51604725790681e-08,-2.28624242688369e-07,1.65400692533201e-07,0,1.00640391447517e-07,0,0,-6.64230052955589e-08,3.96403799531561e-08,0,0,0,0,-3.68289636245143e-08,2.70177221049082e-07,-9.59700778537174e-08,0,2.61811355565249e-07,8.03669336135363e-08,0,-1.00806112916426e-07,1.77253445278877e-07,-6.9998911295363e-07,0,0,-1.74669683736542e-07
"DR1TNIAC",0,-1.6688973063491e-07,0,-1.20029986850658e-07,1.23321599366002e-07,0,-2.10185074860353e-07,-1.52970535561645e-07,-2.20819805791448e-07,-2.68905363759781e-07,-7.6227111823008e-08,0,0,0,1.32830546098276e-07,0,1.79758841472868e-07,0,-3.28988363070684e-08,0,0,0,6.53608723639818e-08,0,0,2.9745952002387e-08,0,1.89940150690411e-07,0,0,0,1.72313503543406e-08,0,0,0,0,0,0,0,0,0,-1.20055968587442e-08,0,2.08598049911022e-07,0,0,2.31016276722453e-09,-1.51464321349693e-06,0,-1.22772356375742e-07,-1.92442198495854e-08
"DR1TVB6",0,0,0,-4.30025502211273e-08,0,0,0,0,-3.44543127778276e-07,-3.88726067577855e-07,-1.06744042911531e-07,0,0,0,4.6095152402678e-09,5.13294776355295e-08,1.54174876084045e-08,-1.05172758918555e-07,-3.18213067372011e-07,0,0,-2.53533088441746e-08,8.13339350062683e-08,0,0,0,0,0,6.28490095370363e-08,0,0,0,0,0,0,0,0,0,0,0,-7.66541384905422e-08,-1.76898677867194e-07,0,5.317027538428e-08,0,0,3.94401738489403e-10,-8.43377816613244e-07,2.65085907277401e-08,0,-4.25958346079013e-08
"DR1TFOLA",-2.44506541924971e-07,0,7.52383969060637e-07,-3.23160550136846e-07,0,2.97913807245437e-07,-1.35903063912512e-08,0,-5.86999420574832e-08,-2.84226603226587e-07,-1.5785397142398e-07,-2.17035630974239e-07,1.93162204381757e-07,0,1.87248385373249e-07,-3.94078264365045e-08,1.18047094759819e-07,-3.01504538555791e-08,0,-3.42984366747936e-07,0.000501466193335542,0,9.29375799581183e-08,8.28883163744647e-08,0,0,4.08434302597594e-08,0,0,0,0,0,0,-6.0599923657935e-08,-7.67859098970682e-08,0,0,0,0,6.07275912611072e-08,-4.08363579433236e-08,-3.11342625252976e-08,0,2.81536236840679e-07,-5.39350116985786e-08,-6.06730388797885e-08,2.07895451509179e-07,-3.49184287293809e-07,7.70347344984636e-08,0,0
"DR1TFA",0,0,1.06847048032192e-08,-2.63511798770129e-07,0,1.0377597541073e-07,0,0,0,0,-9.41191724847119e-08,0,2.97568002031125e-08,-6.34024322339813e-09,0,0,0,0,0,0,0,2.58795087339266e-07,1.15236908553975e-07,0,3.83643803531354e-08,9.19151127113003e-08,0,1.70105232087189e-07,0,0,-9.24285059957683e-08,-5.59370335263508e-08,0,-1.3836647641271e-07,0,-6.33681077937486e-08,7.4738703902137e-09,5.92912845314145e-08,-1.94777363446086e-07,3.59994266928976e-10,0,0,0,1.22066087166941e-07,-4.42883128485478e-07,0,3.37041008919293e-08,0,1.67029476802452e-07,-2.11053731339804e-07,-7.51143382104191e-08
"DR1TFF",-3.52732707978358e-07,0,1.20817979218916e-06,-2.74064476750384e-07,0,0,-5.42307420858932e-08,-2.52126685997601e-08,-4.46683679462619e-07,-5.21050298375907e-07,-7.4458245006891e-08,-2.11789919355064e-07,2.98988693343284e-07,0,2.15684464870216e-07,-2.7971099293626e-07,1.05682320343456e-07,-1.98971217243906e-07,-1.1201492110352e-07,-7.20528849281114e-07,0.00437233173731999,-1.4803766308195e-07,0,1.48243631277848e-07,-1.36127651239902e-07,0,1.31966432414475e-10,-1.02662291271437e-07,2.29272491418284e-08,0,0,4.27575726465903e-08,-6.18575068630047e-08,0,-8.54198602226656e-09,0,-1.07113418410796e-07,-5.16061096389895e-08,0,0,0,-3.36338284937314e-08,0,2.70342351316341e-07,7.98565733368053e-08,-1.52419877078993e-07,9.97039781152947e-08,-8.21065996083089e-08,9.93906987047266e-08,0,6.90519896387156e-09
"DR1TFDFE",-1.64427005509714e-07,0,5.85730880741625e-07,-3.23370717490017e-07,0,3.46297118876154e-07,0,0,0,-1.67668994968068e-07,-1.41856645301742e-07,-1.63307177367768e-07,1.68937618753119e-07,0,9.50609408893312e-08,0,8.09080771916826e-08,0,0,-1.78420157616926e-07,0,0,1.14138303618844e-07,2.49000745185925e-08,0,1.87489994996549e-08,1.7814420662249e-09,2.03779658626757e-08,0,0,0,0,0,-9.10755268908593e-08,-5.95482114251184e-08,-6.41952383547131e-11,0,0,-5.1299788879409e-08,6.97824712853785e-08,-5.04430939057329e-08,-6.56505996257381e-09,0,2.5079819543252e-07,-1.72303926202653e-07,-2.39695921578212e-08,1.99919503556092e-07,-2.98994862932571e-07,9.24622170020657e-08,-7.42429738258754e-08,0
"DR1TCHL",-2.72312242281135e-08,-3.21108989723465e-07,0,-1.18610286662326e-07,2.20978088048067e-07,0,-2.89978337601499e-07,-4.486634339068e-09,-5.90888193220631e-08,-8.83138031044769e-08,0,0,0,3.91045367617912e-08,0,0,2.50504682819078e-08,4.02263565330324e-08,-2.04045652962431e-07,-4.07868665097789e-08,0.00205162851511848,-2.06989335433819e-07,0,2.21585363510289e-07,0,0,0,0,0,0,0,0,-5.68197614470784e-08,0,0,1.63674637687112e-07,-1.14886606825707e-07,-7.07391917645381e-08,0,1.42367803254166e-08,0,0,0,4.64393814430489e-09,2.92543977053765e-07,-5.826217232759e-08,0,-1.35583991795286e-06,0,0,0
"DR1TVB12",-1.6384241179776e-08,0,0,0,0,1.22313009834615e-07,0,-1.20224190683332e-07,0,0,0,0,-1.90186532905926e-07,0,9.3071170822876e-09,0,0,0,0,0,0,-8.32658674760534e-08,0,7.36347176992169e-09,2.17417345919981e-07,2.22586447089021e-07,0,2.53666480433168e-07,0,0,0,-2.16108715242725e-07,0,9.67305047488266e-08,0,0,-2.04476970985875e-09,0,0,2.09327913465319e-07,-4.5734491334518e-08,-1.04971648478572e-08,0,0,0,0,0,-3.09730698881134e-07,0,-4.16711413425198e-08,-7.46930666327576e-09
"DR1TB12A",0,0,0,0,-4.53133147486575e-07,2.20046650495167e-07,-1.20817582271857e-07,0,0,0,0,0,-1.46201348381649e-07,0,0,0,0,-1.59594623452162e-07,0,0,0,0,0,0,8.09241373498098e-09,8.77881573874246e-08,0,1.00082239167495e-07,0,8.88598953498067e-09,-9.82279450459158e-08,0,0,0,-1.15788332787965e-08,-4.17652445077891e-08,3.56919871502134e-08,0,3.82745741285639e-09,1.38189330914606e-07,-1.96407040475975e-07,0,0,0,-1.47351509535194e-07,0,2.12690568602095e-07,0,1.4488472766166e-07,-4.03748369340017e-08,-1.23352244623296e-07
"DR1TVC",-3.74274342835181e-07,0,1.0302623296779e-07,0,-2.2567901084306e-07,0,0,0,-4.4521950141155e-07,-6.28855791003535e-07,-2.33611561883795e-07,0,3.69435486010729e-07,8.64722582941808e-08,0,3.39720041547956e-07,4.38071114090999e-08,-6.87783268166895e-07,-1.42569020268996e-07,0,0,0,0,2.49315719055164e-07,0,-3.7165729334196e-07,2.42997790280358e-09,-5.29415092772296e-07,3.87964188458021e-07,2.5037536793479e-07,1.15377861889349e-09,0,-1.5326527108589e-07,0,-9.13514078337991e-08,-2.68451745127424e-08,1.64435872210412e-07,0,3.73997312226709e-07,0,-3.23457026360138e-07,-5.35784746241338e-07,0,1.81504878001566e-07,0,0,0,0,3.80918745933201e-07,0,0
"DR1TVD",-2.7547173765324e-07,0,2.59073916004762e-08,0,-2.3429929036473e-07,0,0,0,0,0,9.40899267982818e-08,0,0,5.19272639782976e-08,0,1.96821478904738e-08,-1.08752195034991e-08,0,-2.59289176091439e-07,-1.13117377012257e-07,0,0,2.00105194647943e-09,2.42353755280775e-07,0,8.51537057412069e-08,0,9.08171615359135e-08,2.20943466824732e-07,1.30780880738646e-07,0,0,-3.48233248349066e-08,5.96455044207445e-08,0,0,0,-6.26583617659522e-08,-9.04673673353132e-08,1.99411543983979e-07,-3.42079859950763e-09,-9.67527616882304e-08,2.16391336501615e-07,0,0,0,0,0,0,0,-1.45008185099049e-07
"DR1TVK",0,0,0,-1.25993174509781e-07,0,0,0,0,-1.50227696120073e-07,-3.18354041284017e-07,-1.01675930146956e-07,0,6.87818397624247e-08,3.05988644698e-07,4.31816090970302e-07,0,1.1075180126818e-07,-6.08071022112595e-07,-2.79971672765959e-07,-2.63586046074721e-07,-0.00851356038113508,-1.99087628524017e-07,9.55360780368958e-08,9.17536906495892e-09,7.81137572659025e-08,-1.27921176035995e-07,0,-1.5444491921447e-07,3.95770690016295e-07,0,0,0,0,0,0,2.7093312790767e-07,2.50025273265053e-08,-5.59936353830007e-08,7.51059920839889e-07,0,0,-1.52317531953326e-07,0,0,5.99006287291342e-08,-6.73086436978426e-08,0,0,4.6226326529601e-07,0,0
"DR1TCALC",-1.1333359030127e-07,-9.13206439770708e-08,6.66029829156705e-07,0,0,3.00422917381034e-07,0,-8.05438617814e-08,0,-6.04270828596669e-08,6.33162826251516e-08,1.50942393251525e-07,0,0,7.07579827132114e-08,0,0,-3.20060977364715e-07,0,-2.88558096490039e-07,0,1.81757665263245e-08,5.06641563408847e-08,0,0,-8.72209130547316e-08,-3.59042260087185e-07,-8.21797738567428e-09,0,2.38684164871653e-07,-1.6173609413337e-07,0,0,7.84872838968878e-09,0,-4.33417648690685e-08,0,0,0,3.97444199540287e-07,-1.11759805910089e-07,0,1.36514070943779e-07,0,-7.1399482734972e-08,-8.37627436542589e-08,3.10521410211315e-07,0,9.59505462699181e-08,-1.81490770175627e-07,0
"DR1TPHOS",-8.82014557375717e-08,-3.97789021455089e-07,3.49223458184176e-07,0,0,1.54632872249047e-07,-4.20031137958475e-09,-1.30693966486291e-07,-1.44734211324396e-07,-2.67687705685712e-07,0,0,0,0,2.28166892248814e-07,0,0,-2.59224990755635e-08,-1.24076808384729e-07,-2.50885528749422e-07,0.00288373369890655,0,0,2.66122057675498e-08,0,0,0,0,0,1.07558152384339e-07,0,0,0,0,0,0,-1.25432446859731e-07,-1.68257502513226e-08,0,0,0,0,0,7.26979083218541e-08,0,-1.28936169829446e-07,7.87784189387671e-08,-1.05851770859453e-06,0,0,0
"DR1TMAGN",-2.59928143396867e-07,-2.97182201113795e-07,6.59387342412542e-07,-2.17490751500132e-07,0,0,0,0,-6.6328945019508e-07,-8.11473596787336e-07,0,0,0,4.08529619795721e-08,3.72490565438304e-07,0,0,-3.19657844634881e-07,-2.88028766271139e-07,-3.20378447580812e-07,0.00227081919877121,0,0,7.09845674382313e-08,0,-1.13634651267329e-07,0,-1.08522274371526e-07,3.08994762208061e-07,0,5.37586487988052e-08,2.58510655339207e-07,-1.35165858896093e-07,0,0,0,-3.14657270366969e-08,-5.31840289477419e-08,0,0,0,-4.12874904944707e-07,3.47834839638711e-09,1.85862732211496e-07,0,-8.64199110000907e-08,1.78348139324608e-07,-7.06241905752413e-07,1.16975311674421e-07,0,0
"DR1TIRON",-6.42834023838557e-08,-1.06467155475538e-07,0,-1.67134754081041e-07,0,1.02840490008997e-07,-8.09192394395068e-08,-1.34203641141148e-08,0,-4.2988691705251e-08,0,0,1.21462383470174e-07,0,0,0,0,-1.89353304605006e-08,-1.22142529276736e-08,0,0.000582098637590501,0,0,0,0,0,0,0,0,7.68575743219348e-08,0,0,0,-3.915737214266e-08,-8.22937493568005e-08,0,-3.853970714953e-08,8.52754259722247e-08,0,9.06056587699093e-08,0,0,0,1.20477820796323e-07,-1.94844534064573e-07,0,8.84464717178896e-09,-9.74799089792763e-07,0,0,-1.17573309675094e-07
"DR1TZINC",0,0,0,-1.53296538901329e-07,0,3.05664277790867e-07,-3.4687980835904e-08,0,-8.32105017822784e-08,-2.49729383429992e-07,0,0,0,0,1.56569471315349e-07,0,0,0,-1.07279814471097e-08,0,0,0,0,0,5.27489260058353e-08,0,0,0,0,0,0,-1.42383263065028e-08,0,2.40360253229089e-08,0,-1.0485656402743e-07,0,0,0,1.18787848537593e-07,0,0,-2.27774085071262e-08,2.467560631755e-07,0,0,6.11543301188452e-08,-1.15128287080604e-06,0,-6.39985305861907e-08,0
"DR1TCOPP",-1.15000305339861e-07,-5.74215773709628e-08,5.89275181417968e-07,-2.15847569904226e-07,0,0,0,0,-6.2501971879152e-07,-6.42421093104171e-07,0,-3.60992016317862e-07,0,1.51693075395851e-07,4.21333019095556e-07,0,0,-2.86750188317359e-07,-1.39237469661023e-07,-2.10012789276151e-07,0.00238476691281562,0,-1.38228947287104e-08,1.17695379861163e-07,0,4.73577584544631e-08,2.72608750124162e-07,0,4.04866006554801e-07,0,2.0947209346046e-08,1.39430276575138e-07,-1.23296341282486e-07,0,-2.0820991408843e-07,0,0,0,1.99613173011485e-07,0,0,-3.93467184528991e-07,0,1.77425219394731e-07,0,0,0,-4.09707729099316e-07,2.11433669752298e-08,0,0
"DR1TSODI",-1.46243561361288e-07,-4.75172386251878e-07,0,-5.53890635601725e-08,5.44384289669889e-07,0,-3.70202275418189e-07,-6.27938955901116e-08,-7.16523253278998e-08,-1.06832673905706e-07,0,-6.40307423950885e-08,0,0,0,-4.34557762473031e-08,2.51831859672161e-08,0,0,-1.10031357109427e-07,0.00254533908344136,-6.72249243847204e-09,0,1.00020563718623e-07,0,0,6.84132717080365e-08,0,0,2.50978820823686e-07,0,-6.18017660281565e-08,-1.05655962313972e-07,0,0,2.10831253761425e-07,-2.49525119030175e-07,-7.95185595269799e-08,0,0,0,0,0,0,0,0,0,-1.25401595250379e-06,0,-8.1636756452869e-08,0
"DR1TPOTA",-2.93342217094435e-07,-1.89778136204595e-07,4.77345549631809e-07,-1.94587642980121e-07,0,4.71342715916115e-07,-7.57769882153035e-08,-2.12546827189998e-08,-2.16562706340534e-07,-5.64129068396875e-07,-2.7921279587545e-09,0,0,3.14340324760696e-07,3.81436864073165e-07,0,0,-2.09611943522525e-07,-8.87027788429334e-08,-4.55309448497247e-07,0,-1.67474918224058e-08,0,1.5735883052724e-07,0,-8.8054158369131e-08,0,-1.04926998902965e-07,1.15851271711797e-07,0,2.80222520912835e-08,7.14423313535923e-09,-1.63911855936329e-07,7.57899026612603e-08,0,0,-1.03620515278532e-07,0,0,3.45474780937795e-09,0,-1.30182479997117e-07,0,1.16497402405197e-07,0,-1.53544987665087e-07,0,-8.27048748871233e-07,1.19735513554497e-07,0,0
"DR1TSELE",0,-1.6503279021908e-07,6.58003272878498e-08,0,3.91090402917565e-07,0,-2.14678623449361e-07,-2.33070239635767e-08,-3.49220873213685e-07,-4.49699822166261e-07,0,0,0,2.57342669007085e-07,1.03277531326744e-07,0,1.2120339149521e-07,0,0,-2.00035828361135e-07,0,0,0,3.76698371385495e-08,3.48136256333846e-08,1.76246894438577e-08,0,6.3317744335745e-08,3.77697589720247e-07,1.0239493191096e-07,0,0,-8.48477641919147e-08,0,0,2.26441821858913e-07,0,-7.69845955637469e-08,0,0,0,-2.13427017321776e-07,-1.79231722897466e-08,2.54005499945644e-08,0,-3.73926230868136e-08,0,-1.2055688459724e-06,1.89839532418125e-11,-1.34718965465473e-07,0
"DR1TCAFF",-1.58687579496324e-07,-1.00944244797237e-08,7.18711760246405e-07,0,1.52862217058129e-07,1.56601313194025e-06,0,-1.05357508074332e-07,3.52473110591768e-07,0,2.87337472959349e-07,0,0,8.95476254911066e-07,3.55434594351858e-07,-1.42967001275914e-07,0,6.92856923714533e-07,2.56657385831584e-07,-4.02268913044353e-07,0,0,2.00290753482146e-07,0,-2.50330891682744e-08,0,0,0,-1.07794693255495e-07,0,0,-1.27530060968038e-08,0,1.70499683712096e-08,0,0,0,-1.8535374973227e-08,-5.96526325477775e-07,1.79927906409844e-07,0,3.11867688361907e-07,3.33669323385538e-07,8.09739140960462e-08,9.94895860342545e-08,-8.83781151776992e-09,0,0,-1.47317775131353e-07,0,-1.36129438483757e-07
"DR1TTHEO",1.48327812891676e-07,0,0,0,0,2.06453708787063e-07,0,0,0,0,1.19213101415515e-07,0,-1.35327354091135e-07,0,0,0,0,0,-2.68349804053195e-08,2.61401083332187e-08,-1.80609522091206e-05,2.7389262091566e-07,2.27150913489614e-07,0,3.41979711427425e-07,-1.90898941211107e-08,0,-3.91983214155751e-08,0,9.25792053101641e-08,0,0,0,0,-7.91117230333817e-08,0,1.56855422385812e-07,0,2.54850150822865e-07,0,2.86088378815008e-07,0,1.19985987946961e-07,0,-3.1930651938507e-07,0,5.69490906413798e-08,0,7.99461082308115e-08,0,-1.76722646098517e-07
"DR1TALCO",-2.07787717098557e-07,-2.60722216344381e-08,1.58486601352249e-07,0,0,5.84048372744441e-07,1.58802036961569e-07,0,0,0,-1.59847375204549e-07,7.32560194168496e-11,4.66750840993588e-09,4.94577964747827e-07,3.50683328289629e-07,3.72382410031127e-07,1.42305707302755e-07,2.76881336361689e-07,-5.09079142219809e-07,0,-0.00293235739126232,-2.7766542173255e-07,-7.93726029169243e-08,0,0,0,0,0,5.06344522558539e-07,-1.05370707921151e-06,0,0,0,0,5.14061860864127e-07,0,0,-1.63729294172243e-07,0,0,-4.21200650757418e-08,-2.00606898451068e-08,-3.4706743090598e-07,-3.9062820345134e-08,2.16040105162123e-07,-2.51948387695612e-07,0,0,0,0,1.14266699816741e-07
"DR1TMOIS",0,-3.64311093654411e-07,6.41566678292335e-07,0,6.70277791979996e-07,1.73061530184651e-07,-5.07727177825342e-08,-2.52490936507874e-07,-2.24036664526638e-07,-4.50654077595118e-07,4.45482068925519e-07,-1.40002088856226e-13,-2.29991748189614e-07,5.70254313495677e-08,1.79066343401469e-07,-6.63809009470323e-09,0,6.41874188517726e-08,4.15608084810288e-07,-2.55445663192246e-07,0,-9.23059233137597e-08,9.61730513472266e-08,0,0,-2.11328989733282e-07,0,-1.86799970214747e-07,0,3.63612234844407e-07,0,3.44009455624289e-08,0,0,1.00092528125357e-08,1.89997181838611e-07,-2.92930556713795e-07,-1.22904077499115e-08,0,9.14411351446546e-08,0,0,4.20479787493635e-07,0,1.9483749251678e-07,0,0,0,-4.98992536443459e-09,-1.43251643410472e-07,0
"DR1TS040",0,0,5.32166707333134e-07,0,0,1.11732345001644e-06,0,0,2.79331019414372e-07,0,1.1840612801188e-07,3.84037503780124e-07,-1.26851905466293e-07,2.70427355032277e-07,0,7.90469493481826e-08,-5.60864170668056e-08,0,0,0,0,5.46273212489524e-08,2.41986073706198e-08,0,4.64068387225935e-09,-2.05171873663932e-08,-5.39680518787528e-07,0,-2.6148156910964e-08,0,-4.87744445235493e-08,-3.94028581029795e-07,0,0,0,0,0,0,0,3.57805579403083e-07,-7.09941415890204e-08,0,-2.75306436370597e-08,1.00724596496965e-07,-2.03703130332956e-07,-1.68296661194755e-07,1.49411088812074e-07,0,1.38780229237282e-08,-3.41456053094009e-08,0
"DR1TS060",0,0,4.30278544155616e-07,0,0,1.07860884778269e-06,0,0,3.31994708382245e-07,0,4.72835441430151e-08,3.52601016675988e-07,-2.12985241387153e-07,3.17918855436635e-07,0,8.53613901859903e-08,0,0,0,0,0,1.11969666798911e-07,0,0,0,-7.97451293462639e-09,-4.72960140805824e-07,0,-9.24956809779354e-10,5.09670758171932e-08,-1.00671588453518e-08,-2.88423531351475e-07,0,0,0,-4.15600232796483e-08,0,0,0,2.6528251083198e-07,-5.60410477669566e-09,0,-3.16888981750499e-08,6.80967281756154e-08,-1.92998541617411e-07,-2.05176856830994e-07,1.79880767474895e-07,0,0,-4.39802623845302e-08,0
"DR1TS080",0,0,4.28487804693629e-07,3.20444998657206e-10,0,8.99678267147997e-07,0,-2.4881102251366e-07,8.9273291840077e-08,0,1.2922931070921e-07,4.05923957837654e-07,-3.30324517134104e-07,1.37612611197082e-07,0,1.25072048953261e-07,-6.79232677537119e-08,0,0,0,0,6.26723110666426e-08,0,0,9.86749994089666e-08,0,-5.18803390303156e-07,1.66823489266087e-08,0,0,0,-1.35820630042668e-07,0,-2.00920260987986e-08,0,-1.01454137145184e-07,0,4.21923013639546e-08,0,3.31377160132525e-07,0,0,-2.3925273145268e-07,0,-8.32374412543088e-08,-1.70340519099729e-07,1.85584028477143e-07,0,7.93886934458083e-08,0,0
"DR1TS100",0,0,5.09691234307934e-07,0,0,1.0982425646368e-06,0,-9.86667896347058e-08,1.91985870637492e-07,0,4.79286086152591e-08,4.37126880950512e-07,-2.03726833124015e-07,3.7019613687037e-07,4.34880250843166e-08,4.17307237444031e-08,0,0,0,0,0,6.29367839338062e-08,0,0,8.54494879193393e-08,-2.45689069851459e-08,-5.59659609856243e-07,0,0,0,0,-2.37912642508548e-07,0,0,0,0,0,0,0,3.55003892884409e-07,0,0,-1.6797683516675e-07,4.29129531161872e-08,-1.2490006573121e-07,-2.19456404603677e-07,1.59475110223031e-07,0,2.52493231878041e-08,-2.37914031496802e-08,0
"DR1TS120",1.31041965636371e-07,0,1.53458141551713e-07,9.84759264159961e-09,0,5.59673890575431e-07,0,-4.17664364178207e-07,0,0,3.76229909867776e-08,2.898538399821e-07,-3.26615633529195e-07,0,0,3.13967159703704e-08,-2.7967719592099e-08,0,0,0,0,0,0,0,9.69213084267571e-08,0,-3.09568556757508e-07,2.33793958589597e-10,-3.0215606937424e-08,-5.39302419194485e-08,1.21317840549803e-07,-1.1761212959158e-07,-1.5803977303863e-07,-1.63862701674136e-08,2.60549593903183e-08,-2.88031824366644e-08,9.62216143634659e-08,8.47014082969752e-08,4.25391645363603e-08,1.10134311278882e-07,0,0,-3.46574040363645e-07,0,0,0,3.59453348316645e-08,0,1.32297661344178e-07,0,0
"DR1TS140",0,0,4.38143732975375e-07,0,0,7.43187535977568e-07,0,-7.62159601354834e-08,1.32580594776709e-07,0,5.27744419160864e-08,4.19061090566384e-07,-2.72627120854368e-07,0,0,1.25540285641696e-07,-1.3355661753015e-09,0,0,0,0,0,2.47617509571739e-08,0,6.44990321773886e-08,-8.01990931113764e-08,-5.32098230628633e-07,0,-2.17861081120192e-07,0,-3.76003619033197e-08,-3.9653938869579e-07,0,0,4.48782565439821e-08,-7.95621368821549e-10,0,0,0,4.13079213437547e-07,-2.87324707318035e-08,1.61162638894336e-07,-2.69769949526022e-07,0,-2.76580534641604e-08,-1.03527566512073e-07,8.37361177092342e-08,0,0,-1.6639495806991e-07,0
"DR1TS160",0,-1.97816140162628e-07,0,0,3.69701521566008e-07,5.95709497274323e-08,-2.32372248157961e-07,-1.34648623717598e-07,0,0,0,3.46319394047377e-07,0,0,9.29365014744883e-08,8.40141651734409e-08,0,0,-1.57862989958421e-08,0,-0.000474011834878204,0,1.49719796589094e-08,0,0,-4.71313580900644e-08,-3.76190784089803e-07,0,-2.8124507418067e-07,1.80260962557069e-07,-9.3195558001837e-08,-1.50275075049699e-07,7.44102682509546e-08,-7.2028306712774e-08,2.1724049683043e-07,0,7.29316085709154e-09,0,7.14898972835626e-08,2.34523853742308e-07,0,2.98091552202266e-07,-2.84219240178359e-07,0,0,-1.10310294485434e-07,0,-9.35124536207424e-07,0,-8.38690152451651e-08,-7.22641278291302e-08
"DR1TS180",0,-1.7228938622019e-07,0,0,3.74962734357838e-07,1.8228587944735e-07,-1.52404740182705e-07,-9.94601564670327e-08,0,0,0,6.27521835660435e-07,-4.34325278752567e-08,0,0,1.81062900602034e-07,0,6.87305057132259e-08,0,0,-0.00010328350046016,0,1.19304020502062e-07,0,6.71820736539328e-08,-1.66202724320693e-07,-6.3871632832745e-07,0,-4.50110077506847e-07,1.82037163684115e-08,-1.03805796305489e-07,-3.27157494150088e-07,3.99327565511889e-08,-5.59640242159378e-08,1.49851429754083e-07,0,0,0,2.16024797161921e-07,2.52081893036922e-07,9.33887750368564e-08,4.65603435637785e-07,-3.1848688504984e-07,0,0,0,0,-7.9261924492211e-07,0,-1.70280503657902e-07,-1.31937759206565e-07
"DR1TM161",0,-4.95702402023752e-08,0,-1.19055435154466e-09,6.0246085866576e-07,0,-2.99926266696949e-07,-1.11966858185102e-07,0,0,0,2.24605321601664e-07,-7.48824827559224e-08,0,0,1.61553420663259e-07,0,0,0,0,-4.57061388243881e-15,-5.00026034075763e-08,0,0,0,0,-2.30813463866185e-07,0,-4.16577144882326e-08,0,-1.75522644604223e-07,-4.27804761138822e-07,7.72961657204366e-08,0,2.8103640147482e-07,3.75197974431939e-07,-3.71751884583587e-08,0,2.37386275303533e-07,1.32930999006238e-07,0,1.66853566358142e-07,-3.8940838490186e-07,0,1.54037487242666e-08,0,0,-1.00248345059536e-06,-3.4339938065962e-08,-3.10490896157432e-07,0
"DR1TM201",0,-2.43419784435093e-07,0,0,3.85088729317349e-07,0,-2.90970120779337e-07,-2.37536986730643e-07,0,0,0,0,0,0,0,-6.52155044503941e-08,0,0,0,0,-0.002220474415103,-2.06088367215235e-07,0,1.00793967643121e-08,1.42479188106254e-07,0,0,0,0,1.0788734096855e-07,-5.03276013907159e-08,0,9.04793769459355e-08,0,1.03849891441724e-09,9.93120559784716e-08,0,-7.41967612819699e-09,5.15263199528837e-07,6.30044419530443e-08,0,0,0,0,6.11140824549361e-08,-5.422870218866e-09,0,-5.3958123521931e-07,-6.43359882489393e-08,-4.44940616822115e-08,-7.7994309536276e-08
"DR1TM221",0,0,0,0,3.12524835504667e-08,0,-4.71140799155972e-07,-1.00856265417734e-07,0,0,-4.31919372582183e-08,0,-1.349467303435e-08,3.7565849102827e-08,0,0,1.3570629906112e-07,-1.23425273868368e-08,0,0,-0.00195891173509662,-1.75056633383048e-07,-4.3428389917451e-08,2.33881337221422e-07,3.15546755337513e-07,0,0,7.2876150832056e-09,4.81486490295863e-07,0,-1.9279231369008e-07,0,2.15571144048311e-07,0,0,3.9914716795579e-07,0,-1.22467267245947e-07,8.62792543237548e-07,0,9.60590875916706e-08,-3.33531287874095e-07,0,-6.45559370083243e-08,0,0,-5.8662735703775e-09,0,0,0,-5.13504985397292e-08
"DR1TP183",-1.0197295987597e-07,-1.88212349279361e-07,3.29683589902282e-07,0,3.82792809863784e-09,0,-1.23924837708961e-08,-3.40166191647346e-08,0,0,-1.12532733437044e-07,0,6.25582143685981e-08,0,1.02018809798596e-07,0,1.46898377890837e-07,-1.12999834070255e-07,-1.2828674762128e-07,-9.00421492970262e-08,-0.00791304908197835,-4.56174718752402e-08,1.03123195979166e-07,1.68004289820405e-07,4.18970511468599e-08,0,0,0,0,0,-3.15813198115477e-08,-1.97982903430373e-07,0,-1.55011247179486e-07,0,2.61226819718323e-08,0,-3.79151826855201e-08,1.30336695608483e-07,0,3.65706058521936e-08,0,0,1.10964792461048e-07,1.09569582899235e-08,-1.75439789937326e-07,0,0,1.64279015363443e-07,0,-2.99643773751906e-07
"DR1TP184",0,0,-2.10348459785551e-07,0,1.04098718307367e-07,0,0,0,0,0,0,0,0,2.10434342230095e-07,0,0,0,0,0,-1.64191478492703e-08,0,-9.76957976248424e-08,0,0,0,0,0,0,6.19528575659504e-07,5.08013498942001e-08,0,0,0,1.70324071097989e-08,0,5.80415101229039e-08,0,-1.61252752948811e-07,4.84157129069933e-07,0,0,-5.90466418382693e-07,0,0,0,-6.77841310051487e-08,-5.03787887483179e-08,0,-3.57616607252253e-08,0,0
"DR1TP204",0,-2.18050883382952e-07,0,0,7.43029418371336e-07,0,-2.12463524371003e-07,-2.08982000912102e-07,0,0,0,3.25404174659802e-09,0,9.56039844011141e-08,0,0,1.36758216027501e-07,3.41724945393813e-08,-2.33844581194281e-08,0,0,-3.21839125000455e-07,0,0,0,0,-7.80551363218414e-09,1.74279987213557e-08,0,5.14972526953297e-07,-7.92200894210227e-08,-1.28165976665202e-07,1.21568645544838e-07,-3.36356604697914e-08,0,5.08474190077086e-07,0,-3.81190402047284e-09,0,0,8.18540891042372e-08,0,0,-9.3103232031823e-09,2.88924992616006e-07,0,0,-5.81838807459034e-07,0,-2.18895399924216e-09,-2.09602743080712e-07
"DR1TP205",0,0,0,5.72798246408792e-08,0,0,0,0,0,0,0,-9.70173908237298e-08,0,7.87528860477131e-07,0,-6.00774358509379e-08,0,-3.76733055998189e-07,0,-2.94370836431919e-08,0,-4.53436143024609e-07,-1.39108515489583e-07,8.07427078434001e-08,0,0,1.21591098695099e-07,0,1.4773428856561e-06,1.26243285806215e-07,9.24672488487589e-08,0,-1.22286296560871e-07,1.92031688409101e-08,-2.33289447771001e-07,0,0,-1.11403580389925e-07,4.42463526248734e-07,0,0,-1.05194392702998e-06,0,0,0,0,0,0,0,0,0
"DR1TP225",0,-1.80517123246301e-07,0,8.82915391144044e-09,2.756051446611e-07,-1.33181211808833e-07,0,-1.14027371313787e-07,0,0,0,0,0,3.44397256086061e-07,0,0,1.91523331020577e-07,0,-2.29997283471478e-08,-2.31536376885046e-08,0,-4.4227983391367e-07,0,0,1.01595332154001e-09,0,0,0,6.24604914212393e-07,1.11698688842167e-07,0,0,0,6.05670425076283e-09,-1.2469354561646e-07,0,9.77197288059044e-08,-1.60256865579298e-07,2.75559947955285e-07,0,0,-2.83299663961971e-07,0,0,1.40297944365171e-07,0,0,0,0,-8.65614269319542e-08,-9.76322154053943e-08
"DR1TP226",0,-7.58535436144653e-08,0,2.67745703201421e-08,0,0,0,0,-3.70214025621564e-09,-1.01485558894961e-08,0,-1.40794262314497e-07,0,8.03985624884279e-07,0,0,3.38491335345573e-08,-2.50133045452087e-07,0,-2.47102118347495e-09,0,-4.49127139627265e-07,-2.24730024461192e-07,2.25493435003268e-07,0,5.50141580106099e-09,1.53860302307824e-07,0,1.48424896392256e-06,7.50956255564043e-08,5.15955107214644e-08,0,-9.70121871302917e-08,0,-2.32489871770698e-07,1.62842115801044e-07,-3.19488886739228e-08,-1.3757329195674e-07,2.35986506381032e-07,0,3.99199050217855e-08,-1.03263446183633e-06,1.47044694830613e-07,0,0,0,-8.23249080436283e-08,0,0,0,-1.06222817519964e-07
